{
    "nombre cohete": "Xitle",
    "d_ext": 0.152,
    "t_MECO": 10.0,
    "tiempo_salida_riel": 0.5200000000000002,
    "tiempo_apogeo": 39.320000000000746,
    "tiempo_impacto": 84.0500000000061,
    "max_altitude": 7974.878539641023,
    "max_speed": 483.38702547555255,
    "max_acceleration_linear": 88.13323104770514,
    "max_acceleration_angular": 2.4431721368840993
}