{
    "nombre cohete": "Xitle",
    "d_ext": 0.152,
    "t_MECO": 10.0,
    "tiempo_salida_riel": 0.48834199592401617,
    "tiempo_apogeo": 41.78156233195649,
    "tiempo_impacto": 86.97156233196382,
    "max_altitude": 8611.12033714556,
    "max_speed": 462.31844012984635,
    "max_acceleration_linear": 1893.0249417520592,
    "max_acceleration_angular": 57.055811788292004
}