{
    "nombre cohete": "Xitle",
    "d_ext": 0.152,
    "t_MECO": 10.0,
    "tiempo_salida_riel": 0.48871111156546515,
    "tiempo_apogeo": 41.63983186342808,
    "tiempo_impacto": 86.54983186343516,
    "max_altitude": 8549.517648878025,
    "max_speed": 462.2649443682011,
    "max_acceleration_linear": 98.82627084493993,
    "max_acceleration_angular": 2.0783842800398316
}