{
    "d_ext": 0.152,
    "t_MECO": 10.0,
    "tiempo_salida_riel": 0.49000000000000027,
    "tiempo_apogeo": 40.180000000000575,
    "tiempo_impacto": 580.5099999996171,
    "max_altitude": 8637.570214801419,
    "max_speed": 533.208166699649,
    "max_acceleration_linear": 99.82678494132696,
    "max_acceleration_angular": 13.298060339973198
}