{
    "d_ext": 0.152,
    "t_MECO": 10.0,
    "tiempo_salida_riel": 0.49000000000000027,
    "tiempo_apogeo": 40.27000000000056,
    "tiempo_impacto": 86.98000000000759,
    "max_altitude": 8707.332348846687,
    "max_speed": 533.8439245146399,
    "max_acceleration_linear": 97.91492335356227,
    "max_acceleration_angular": 1.7018327164874376
}