{
    "d_ext": 0.152,
    "t_MECO": 10.0,
    "tiempo_salida_riel": 0.49000000000000027,
    "tiempo_apogeo": 41.17000000000038,
    "tiempo_impacto": 88.93000000000859,
    "max_altitude": 8990.298475838745,
    "max_speed": 535.9485184270892,
    "max_acceleration_linear": 99.15270952051796,
    "max_acceleration_angular": 2.099050871063697
}