{
    "d_ext": 0.152,
    "t_MECO": 10.0,
    "tiempo_salida_riel": 0.45000000000000023,
    "tiempo_apogeo": 66.21999999999697,
    "tiempo_impacto": null,
    "max_altitude": 16494.883641513974,
    "max_speed": 598.1835095837633,
    "max_acceleration_linear": 691.0830930835734,
    "max_acceleration_angular": 280.1281065393065
}