{
    "d_ext": 0.152,
    "t_MECO": 10.0,
    "tiempo_salida_riel": 0.49000000000000027,
    "tiempo_apogeo": 41.240000000000364,
    "tiempo_impacto": 89.12000000000869,
    "max_altitude": 9027.472713609253,
    "max_speed": 535.7901711811504,
    "max_acceleration_linear": 98.90348492988129,
    "max_acceleration_angular": 2.4931507544829343
}