{
    "d_ext": 0.152,
    "t_MECO": 10.0,
    "tiempo_salida_riel": 0.49000000000000027,
    "tiempo_apogeo": 40.0600000000006,
    "tiempo_impacto": 562.7799999996332,
    "max_altitude": 8589.43882988737,
    "max_speed": 532.9606166120899,
    "max_acceleration_linear": 100.44693261994016,
    "max_acceleration_angular": 12.718004841055324
}