{
    "d_ext": 0.152,
    "t_MECO": 10.0,
    "tiempo_salida_riel": 0.49000000000000027,
    "tiempo_apogeo": 41.26000000000036,
    "tiempo_impacto": 89.42000000000884,
    "max_altitude": 9010.400685013039,
    "max_speed": 538.5567647942631,
    "max_acceleration_linear": 97.74270503816757,
    "max_acceleration_angular": 1.4253017291095667
}