{
    "d_ext": 0.152,
    "t_MECO": 10.0,
    "tiempo_salida_riel": 0.49000000000000027,
    "tiempo_apogeo": 41.230000000000366,
    "tiempo_impacto": 359.9599999998176,
    "max_altitude": 9024.676640658281,
    "max_speed": 535.7856524284924,
    "max_acceleration_linear": 98.86736556909358,
    "max_acceleration_angular": 2.3006140527449586
}