{
    "d_ext": 0.152,
    "t_MECO": 10.0,
    "tiempo_salida_riel": 0.49000000000000027,
    "tiempo_apogeo": 41.16000000000038,
    "tiempo_impacto": 88.93000000000859,
    "max_altitude": 8989.08545798813,
    "max_speed": 535.9499123514695,
    "max_acceleration_linear": 99.09624646665546,
    "max_acceleration_angular": 1.6516270728491242
}