{
    "d_ext": 0.152,
    "t_MECO": 10.0,
    "tiempo_salida_riel": 0.49000000000000027,
    "tiempo_apogeo": 40.690000000000474,
    "tiempo_impacto": null,
    "max_altitude": 8826.050877939248,
    "max_speed": 531.3472039622021,
    "max_acceleration_linear": 99.48928786256467,
    "max_acceleration_angular": 10.870384534767311
}