{
    "d_ext": 0.152,
    "t_MECO": 10.0,
    "tiempo_salida_riel": 0.49000000000000027,
    "tiempo_apogeo": 40.36000000000054,
    "tiempo_impacto": 508.8799999996822,
    "max_altitude": 8697.08641424776,
    "max_speed": 530.4840342036879,
    "max_acceleration_linear": 99.30947800668622,
    "max_acceleration_angular": 18.06359508794566
}