{
    "d_ext": 0.152,
    "t_MECO": 10.0,
    "tiempo_salida_riel": 0.49000000000000027,
    "tiempo_apogeo": 40.21000000000057,
    "tiempo_impacto": 87.05000000000763,
    "max_altitude": 8633.700718933473,
    "max_speed": 536.9480487551713,
    "max_acceleration_linear": 97.87955798536599,
    "max_acceleration_angular": 11.275422682963182
}