{
    "d_ext": 0.152,
    "t_MECO": 10.0,
    "tiempo_salida_riel": 0.49000000000000027,
    "tiempo_apogeo": 40.14000000000058,
    "tiempo_impacto": 352.34999999982455,
    "max_altitude": 8615.699330777723,
    "max_speed": 533.1357455760073,
    "max_acceleration_linear": 100.39927722799042,
    "max_acceleration_angular": 9.99364066670237
}