{
    "nombre cohete": "Xitle",
    "d_ext": 0.152,
    "t_MECO": 21.62,
    "tiempo_salida_riel": 1.0900000000000007,
    "tiempo_apogeo": 41.38000000000034,
    "tiempo_impacto": 83.53000000000583,
    "max_altitude": 7162.915353518535,
    "max_speed": 355.0873852806295,
    "max_acceleration_linear": 48.0378968615181,
    "max_acceleration_angular": 1.5992217037652239
}