{
    "nombre cohete": "Xitle",
    "d_ext": 0.152,
    "t_MECO": 10.0,
    "tiempo_salida_riel": 0.4890246347267851,
    "tiempo_apogeo": 41.701494325922006,
    "tiempo_impacto": 86.68149432592918,
    "max_altitude": 8573.039879602156,
    "max_speed": 462.27486399703247,
    "max_acceleration_linear": 1893.6634909248182,
    "max_acceleration_angular": 27.05115585579296
}