{
    "d_ext": 0.152,
    "t_MECO": 10.0,
    "tiempo_salida_riel": 0.49000000000000027,
    "tiempo_apogeo": 41.21000000000037,
    "tiempo_impacto": 800.0099999994175,
    "max_altitude": 9013.222231886703,
    "max_speed": 535.0951415108642,
    "max_acceleration_linear": 99.02190226681628,
    "max_acceleration_angular": 8.613079730190371
}