{
    "d_ext": 0.152,
    "t_MECO": 10.0,
    "tiempo_salida_riel": 0.49000000000000027,
    "tiempo_apogeo": 40.31000000000055,
    "tiempo_impacto": 695.5599999995125,
    "max_altitude": 8676.535078539653,
    "max_speed": 533.1092250632496,
    "max_acceleration_linear": 100.6054847849122,
    "max_acceleration_angular": 15.71927951194963
}