{
    "d_ext": 0.152,
    "t_MECO": 10.0,
    "tiempo_salida_riel": 0.49000000000000027,
    "tiempo_apogeo": 40.35000000000054,
    "tiempo_impacto": 800.0099999994175,
    "max_altitude": 8694.117426006913,
    "max_speed": 533.2457786477108,
    "max_acceleration_linear": 100.34876130197487,
    "max_acceleration_angular": 15.814524752284713
}