{
    "nombre cohete": "Xitle",
    "d_ext": 0.152,
    "t_MECO": 10.0,
    "tiempo_salida_riel": 0.5500000000000003,
    "tiempo_apogeo": 37.460000000001116,
    "tiempo_impacto": 79.08000000000355,
    "max_altitude": 6999.919536442623,
    "max_speed": 431.58863245182005,
    "max_acceleration_linear": 77.43495465219253,
    "max_acceleration_angular": 2.5745583280201836
}