{
    "nombre cohete": "Xitle",
    "d_ext": 0.152,
    "t_MECO": 10.0,
    "tiempo_salida_riel": 0.48927485167708673,
    "tiempo_apogeo": 41.72283149921579,
    "tiempo_impacto": 86.742831499223,
    "max_altitude": 8581.94950789927,
    "max_speed": 462.3627105613032,
    "max_acceleration_linear": 1889.5980798026526,
    "max_acceleration_angular": 28.33020182283753
}