{
    "nombre cohete": "Xitle",
    "d_ext": 0.152,
    "t_MECO": 10.0,
    "tiempo_salida_riel": 0.49000000000000027,
    "tiempo_apogeo": 41.240000000000364,
    "tiempo_impacto": 89.13000000000869,
    "max_altitude": 9028.289621280936,
    "max_speed": 535.7768549962115,
    "max_acceleration_linear": 98.87189606616725,
    "max_acceleration_angular": 2.5382501011811134
}