{
    "d_ext": 0.152,
    "t_MECO": 10.0,
    "tiempo_salida_riel": 0.49000000000000027,
    "tiempo_apogeo": 41.16000000000038,
    "tiempo_impacto": 88.93000000000859,
    "max_altitude": 8989.330944270729,
    "max_speed": 535.9373600234403,
    "max_acceleration_linear": 99.15206010948,
    "max_acceleration_angular": 2.03425631147751,
    "masa_inicial": [
        30,
        35,
        40,
        45,
        50
    ]
}