{
    "nombre cohete": "Xitle",
    "d_ext": 0.152,
    "t_MECO": 10.0,
    "tiempo_salida_riel": 0.5000000000000002,
    "tiempo_apogeo": 41.640000000000285,
    "tiempo_impacto": 362.849999999815,
    "max_altitude": 9062.829214460644,
    "max_speed": 535.953104510452,
    "max_acceleration_linear": 146.58722983755266,
    "max_acceleration_angular": 66.00195735513695
}