{
    "nombre cohete": "Xitle",
    "d_ext": 0.152,
    "t_MECO": 10.0,
    "tiempo_salida_riel": 0.49491775662347604,
    "tiempo_apogeo": 41.58094677368147,
    "tiempo_impacto": 86.43094677368849,
    "max_altitude": 8532.931826234608,
    "max_speed": 462.07901984218574,
    "max_acceleration_linear": 1889.1769266445308,
    "max_acceleration_angular": 15.67551468870833
}