{
    "nombre cohete": "Xitle",
    "d_ext": 0.152,
    "t_MECO": 21.62,
    "tiempo_salida_riel": 1.1100000000000008,
    "tiempo_apogeo": 38.39000000000093,
    "tiempo_impacto": 74.21000000000106,
    "max_altitude": 5612.0914948502705,
    "max_speed": 278.92662206086834,
    "max_acceleration_linear": 48.16162573376036,
    "max_acceleration_angular": 1.5475832643607035
}