{
    "d_ext": 0.152,
    "t_MECO": 10.0,
    "tiempo_salida_riel": 0.6298611687912545,
    "tiempo_apogeo": 12.909703015712115,
    "tiempo_impacto": 7.112981586929756,
    "max_altitude": 2488.237567776529,
    "max_speed": 430.24860275430524,
    "max_acceleration_linear": 99.78634932139119,
    "max_acceleration_angular": 0.09843298312919817
}