{
    "d_ext": 0.152,
    "t_MECO": 10.0,
    "tiempo_salida_riel": 0.49000000000000027,
    "tiempo_apogeo": 41.16000000000038,
    "tiempo_impacto": 88.93000000000859,
    "max_altitude": 8988.889069576708,
    "max_speed": 535.9463311347121,
    "max_acceleration_linear": 99.1471980599446,
    "max_acceleration_angular": 2.181261119957484,
    "masa_inicial": [
        30,
        35,
        40,
        45,
        50
    ]
}