{
    "d_ext": 0.152,
    "t_MECO": 10.0,
    "tiempo_salida_riel": 0.49000000000000027,
    "tiempo_apogeo": 41.16000000000038,
    "tiempo_impacto": 88.92000000000859,
    "max_altitude": 8988.347369004501,
    "max_speed": 535.943807893536,
    "max_acceleration_linear": 99.12568276756389,
    "max_acceleration_angular": 2.2453556172874496,
    "masa_inicial": 30.884724295876005
}