{
    "d_ext": 0.152,
    "t_MECO": 10.0,
    "tiempo_salida_riel": 0.49000000000000027,
    "tiempo_apogeo": 41.17000000000038,
    "tiempo_impacto": 88.9400000000086,
    "max_altitude": 8991.325526629376,
    "max_speed": 535.9644148119353,
    "max_acceleration_linear": 99.1415584413694,
    "max_acceleration_angular": 2.381927404474279,
    "masa_inicial": 38.500117020822756
}