{
    "d_ext": 0.152,
    "t_MECO": 10.0,
    "tiempo_salida_riel": 0.49000000000000027,
    "tiempo_apogeo": 41.17000000000038,
    "tiempo_impacto": 88.9400000000086,
    "max_altitude": 8991.890683050096,
    "max_speed": 535.9504139845512,
    "max_acceleration_linear": 99.17245026652773,
    "max_acceleration_angular": 3.187764871836109
}