{
    "d_ext": 0.152,
    "t_MECO": 10.0,
    "tiempo_salida_riel": 0.49000000000000027,
    "tiempo_apogeo": 41.16000000000038,
    "tiempo_impacto": 88.92000000000859,
    "max_altitude": 8988.280140324447,
    "max_speed": 535.989091147979,
    "max_acceleration_linear": 99.17969809690257,
    "max_acceleration_angular": 3.430302066895882,
    "masa_inicial": 33.13206014837427
}