{
    "d_ext": 0.152,
    "t_MECO": 10.0,
    "tiempo_salida_riel": 0.49000000000000027,
    "tiempo_apogeo": 41.17000000000038,
    "tiempo_impacto": 88.93000000000859,
    "max_altitude": 8991.076744711103,
    "max_speed": 535.948884620097,
    "max_acceleration_linear": 99.16567365222942,
    "max_acceleration_angular": 3.472385799209317,
    "masa_inicial": 30.682981888306323
}