{
    "d_ext": 0.152,
    "t_MECO": 10.0,
    "tiempo_salida_riel": 0.49000000000000027,
    "tiempo_apogeo": 41.16000000000038,
    "tiempo_impacto": 88.92000000000859,
    "max_altitude": 8987.983586178954,
    "max_speed": 535.9532417920063,
    "max_acceleration_linear": 99.13207112228893,
    "max_acceleration_angular": 1.7975403382753583,
    "masa_inicial": 31.911780249018875
}