{
    "d_ext": 0.152,
    "t_MECO": 10.0,
    "tiempo_salida_riel": 0.49000000000000027,
    "tiempo_apogeo": 41.180000000000376,
    "tiempo_impacto": 88.9500000000086,
    "max_altitude": 8993.291633238363,
    "max_speed": 535.9493103037232,
    "max_acceleration_linear": 99.20276624915192,
    "max_acceleration_angular": 3.2398543248394236,
    "masa_inicial": 29.053835376889307
}