{
    "d_ext": 0.152,
    "t_MECO": 10.0,
    "tiempo_salida_riel": 0.49000000000000027,
    "tiempo_apogeo": 41.17000000000038,
    "tiempo_impacto": 88.9500000000086,
    "max_altitude": 8992.636578237623,
    "max_speed": 535.9436459611501,
    "max_acceleration_linear": 99.18466833641749,
    "max_acceleration_angular": 3.404215394674607,
    "masa_inicial": 31.982008846617475
}