{
    "d_ext": 0.152,
    "t_MECO": 10.0,
    "tiempo_salida_riel": 0.49000000000000027,
    "tiempo_apogeo": 41.17000000000038,
    "tiempo_impacto": 88.92000000000859,
    "max_altitude": 8989.77568034513,
    "max_speed": 536.0182779299989,
    "max_acceleration_linear": 99.1695142120372,
    "max_acceleration_angular": 3.3169738873377903,
    "masa_inicial": 55.39525923662918
}