{
    "d_ext": 0.152,
    "t_MECO": 10.0,
    "tiempo_salida_riel": 0.49000000000000027,
    "tiempo_apogeo": 41.16000000000038,
    "tiempo_impacto": 88.93000000000859,
    "max_altitude": 8989.429750546631,
    "max_speed": 535.9596702631159,
    "max_acceleration_linear": 99.13700024517343,
    "max_acceleration_angular": 2.3639099800996064,
    "masa_inicial": [
        30,
        35,
        40,
        45,
        50
    ]
}