{
    "d_ext": 0.152,
    "t_MECO": 10.0,
    "tiempo_salida_riel": 0.49000000000000027,
    "tiempo_apogeo": 41.17000000000038,
    "tiempo_impacto": 88.9400000000086,
    "max_altitude": 8990.76313758852,
    "max_speed": 535.9347162551297,
    "max_acceleration_linear": 99.19893435529497,
    "max_acceleration_angular": 2.942988926655409,
    "masa_inicial": 27.25401828554797
}