{
    "d_ext": 0.152,
    "t_MECO": 10.0,
    "tiempo_salida_riel": 0.49000000000000027,
    "tiempo_apogeo": 41.16000000000038,
    "tiempo_impacto": 88.91000000000858,
    "max_altitude": 8986.738355668062,
    "max_speed": 536.0129381748498,
    "max_acceleration_linear": 99.13847470559065,
    "max_acceleration_angular": 2.262619986734822
}