{
    "nombre cohete": "Xitle",
    "d_ext": 0.152,
    "t_MECO": 10.0,
    "tiempo_salida_riel": 0.49832008574351844,
    "tiempo_apogeo": 41.81760933083553,
    "tiempo_impacto": 86.99760933084288,
    "max_altitude": 8617.89086687762,
    "max_speed": 462.46858635666047,
    "max_acceleration_linear": 99.1554995293445,
    "max_acceleration_angular": 5.704467255275771
}