{
    "nombre cohete": "Xitle",
    "d_ext": 0.152,
    "t_MECO": 21.62,
    "tiempo_salida_riel": 0.8552217308166764,
    "tiempo_apogeo": 43.75314715843668,
    "tiempo_impacto": 90.41314715844617,
    "max_altitude": 8835.728971081657,
    "max_speed": 430.7639649860401,
    "max_acceleration_linear": 1505.1770507165802,
    "max_acceleration_angular": 10.846778434764646
}