{
    "nombre cohete": "Xitle",
    "d_ext": 0.152,
    "t_MECO": 21.62,
    "tiempo_salida_riel": 0.8561438310585767,
    "tiempo_apogeo": 44.2172052857482,
    "tiempo_impacto": 91.30720528575823,
    "max_altitude": 9005.767760168446,
    "max_speed": 431.1112751473749,
    "max_acceleration_linear": 1511.1610857449625,
    "max_acceleration_angular": 16.176340062366503
}