{
    "d_ext": 0.152,
    "t_MECO": 10.0,
    "tiempo_salida_riel": 0.49000000000000027,
    "tiempo_apogeo": 41.17000000000038,
    "tiempo_impacto": 88.9400000000086,
    "max_altitude": 8992.291331143755,
    "max_speed": 535.971379930987,
    "max_acceleration_linear": 99.17530280675643,
    "max_acceleration_angular": 2.3535743837965613,
    "masa_inicial": [
        30,
        35,
        40,
        45,
        50
    ]
}