{
    "nombre cohete": "Xitle",
    "d_ext": 0.152,
    "t_MECO": 10.0,
    "tiempo_salida_riel": 0.48869660736290405,
    "tiempo_apogeo": 41.58987021716113,
    "tiempo_impacto": 86.42987021716814,
    "max_altitude": 8533.50334152145,
    "max_speed": 462.075970780624,
    "max_acceleration_linear": 98.82107736229977,
    "max_acceleration_angular": 2.0993960557826865
}