{
    "nombre cohete": "Xitle",
    "d_ext": 0.152,
    "t_MECO": 10.0,
    "tiempo_salida_riel": 0.48920826307229154,
    "tiempo_apogeo": 41.68387917509721,
    "tiempo_impacto": 86.63387917510435,
    "max_altitude": 8565.36681562027,
    "max_speed": 462.3012480894526,
    "max_acceleration_linear": 98.8921499994491,
    "max_acceleration_angular": 2.6365153514281956
}