{
    "nombre cohete": "Xitle",
    "d_ext": 0.152,
    "t_MECO": 10.0,
    "tiempo_salida_riel": 0.6400000000000003,
    "tiempo_apogeo": 33.82000000000184,
    "tiempo_impacto": 69.32999999999856,
    "max_altitude": 5257.805195068006,
    "max_speed": 331.540042245431,
    "max_acceleration_linear": 55.95928908491479,
    "max_acceleration_angular": 2.3242316752618786
}