{
    "nombre cohete": "Xitle",
    "d_ext": 0.152,
    "t_MECO": 10.0,
    "tiempo_salida_riel": 0.49000000000000027,
    "tiempo_apogeo": 41.240000000000364,
    "tiempo_impacto": 360.04999999981754,
    "max_altitude": 9027.278264560297,
    "max_speed": 535.7810395733206,
    "max_acceleration_linear": 98.87132681805215,
    "max_acceleration_angular": 2.7279825145010475
}