{
    "nombre cohete": "Xitle",
    "d_ext": 0.152,
    "t_MECO": 21.62,
    "tiempo_salida_riel": 1.0491323318037507,
    "tiempo_apogeo": 40.74333365707096,
    "tiempo_impacto": 79.42333365707422,
    "max_altitude": 6577.638514678547,
    "max_speed": 314.62688669265407,
    "max_acceleration_linear": 53.26824594618374,
    "max_acceleration_angular": 1.9819066172094157
}