{
    "nombre cohete": "Xitle",
    "d_ext": 0.152,
    "t_MECO": 21.62,
    "tiempo_salida_riel": 1.048763668499481,
    "tiempo_apogeo": 40.56273261841532,
    "tiempo_impacto": 79.11273261841839,
    "max_altitude": 6518.265301997342,
    "max_speed": 315.0191258048771,
    "max_acceleration_linear": 52.98395294383077,
    "max_acceleration_angular": 1.7728403481711659
}