{
    "nombre cohete": "Xitle",
    "d_ext": 0.152,
    "t_MECO": 21.62,
    "tiempo_salida_riel": 1.0472558100026503,
    "tiempo_apogeo": 40.520581606199336,
    "tiempo_impacto": 79.04058160620237,
    "max_altitude": 6502.245217807616,
    "max_speed": 315.2176025560398,
    "max_acceleration_linear": 52.85459316596462,
    "max_acceleration_angular": 1.6656635261185544
}