{
    "nombre cohete": "Xitle",
    "d_ext": 0.152,
    "t_MECO": 10.0,
    "tiempo_salida_riel": 0.48840872255203593,
    "tiempo_apogeo": 41.61339061175014,
    "tiempo_impacto": 86.5033906117572,
    "max_altitude": 8547.47230459117,
    "max_speed": 461.9952625997832,
    "max_acceleration_linear": 98.92318203673068,
    "max_acceleration_angular": 2.98441298097265
}